[
  {
    "model": "admin.logentry",
    "pk": 1,
    "fields": {
      "action_time": "2026-01-31T00:32:11.515Z",
      "user": "731b7175-9b91-4355-a441-158959a87c76",
      "content_type": 2,
      "object_id": "1",
      "object_repr": "Secret-group",
      "action_flag": 1,
      "change_message": "[{\"added\": {}}]"
    }
  },
  {
    "model": "admin.logentry",
    "pk": 2,
    "fields": {
      "action_time": "2026-01-31T00:32:28.474Z",
      "user": "731b7175-9b91-4355-a441-158959a87c76",
      "content_type": 2,
      "object_id": "2",
      "object_repr": "View-order",
      "action_flag": 1,
      "change_message": "[{\"added\": {}}]"
    }
  },
  {
    "model": "admin.logentry",
    "pk": 3,
    "fields": {
      "action_time": "2026-01-31T00:32:49.269Z",
      "user": "731b7175-9b91-4355-a441-158959a87c76",
      "content_type": 6,
      "object_id": "731b7175-9b91-4355-a441-158959a87c76",
      "object_repr": "Admin (id: 731b7175-9b91-4355-a441-158959a87c76)",
      "action_flag": 2,
      "change_message": "[{\"changed\": {\"fields\": [\"Groups\"]}}]"
    }
  },
  {
    "model": "admin.logentry",
    "pk": 4,
    "fields": {
      "action_time": "2026-01-31T00:33:28.974Z",
      "user": "731b7175-9b91-4355-a441-158959a87c76",
      "content_type": 2,
      "object_id": "1",
      "object_repr": "secret-group",
      "action_flag": 2,
      "change_message": "[{\"changed\": {\"fields\": [\"Name\"]}}]"
    }
  },
  {
    "model": "admin.logentry",
    "pk": 5,
    "fields": {
      "action_time": "2026-01-31T00:33:36.388Z",
      "user": "731b7175-9b91-4355-a441-158959a87c76",
      "content_type": 6,
      "object_id": "731b7175-9b91-4355-a441-158959a87c76",
      "object_repr": "Admin (id: 731b7175-9b91-4355-a441-158959a87c76)",
      "action_flag": 2,
      "change_message": "[]"
    }
  },
  {
    "model": "admin.logentry",
    "pk": 6,
    "fields": {
      "action_time": "2026-01-31T00:44:27.189Z",
      "user": "731b7175-9b91-4355-a441-158959a87c76",
      "content_type": 6,
      "object_id": "19fffb51-6d3c-4f99-b7b6-55e89991f614",
      "object_repr": "Nick77 (id: 19fffb51-6d3c-4f99-b7b6-55e89991f614)",
      "action_flag": 2,
      "change_message": "[{\"changed\": {\"fields\": [\"Staff status\", \"Groups\"]}}]"
    }
  },
  {
    "model": "admin.logentry",
    "pk": 7,
    "fields": {
      "action_time": "2026-02-02T19:20:27.761Z",
      "user": "731b7175-9b91-4355-a441-158959a87c76",
      "content_type": 2,
      "object_id": "2",
      "object_repr": "View-order",
      "action_flag": 2,
      "change_message": "[{\"changed\": {\"fields\": [\"Permissions\"]}}]"
    }
  },
  {
    "model": "admin.logentry",
    "pk": 8,
    "fields": {
      "action_time": "2026-02-02T19:21:02.172Z",
      "user": "731b7175-9b91-4355-a441-158959a87c76",
      "content_type": 2,
      "object_id": "2",
      "object_repr": "View-order",
      "action_flag": 2,
      "change_message": "[]"
    }
  },
  {
    "model": "admin.logentry",
    "pk": 9,
    "fields": {
      "action_time": "2026-02-16T08:45:41.319Z",
      "user": "731b7175-9b91-4355-a441-158959a87c76",
      "content_type": 6,
      "object_id": "9819c862-5d17-45d7-b984-7e20975f0fe1",
      "object_repr": "Dsderfw (id: 9819c862-5d17-45d7-b984-7e20975f0fe1)",
      "action_flag": 1,
      "change_message": "[{\"added\": {}}]"
    }
  },
  {
    "model": "admin.logentry",
    "pk": 10,
    "fields": {
      "action_time": "2026-02-28T06:56:18.371Z",
      "user": "731b7175-9b91-4355-a441-158959a87c76",
      "content_type": 10,
      "object_id": "1",
      "object_repr": "Article object (1)",
      "action_flag": 1,
      "change_message": "[{\"added\": {}}]"
    }
  },
  {
    "model": "admin.logentry",
    "pk": 11,
    "fields": {
      "action_time": "2026-02-28T06:56:29.098Z",
      "user": "731b7175-9b91-4355-a441-158959a87c76",
      "content_type": 10,
      "object_id": "2",
      "object_repr": "Article object (2)",
      "action_flag": 1,
      "change_message": "[{\"added\": {}}]"
    }
  },
  {
    "model": "admin.logentry",
    "pk": 12,
    "fields": {
      "action_time": "2026-02-28T06:56:51.947Z",
      "user": "731b7175-9b91-4355-a441-158959a87c76",
      "content_type": 10,
      "object_id": "2",
      "object_repr": "Article object (2)",
      "action_flag": 2,
      "change_message": "[{\"changed\": {\"fields\": [\"Published at\"]}}]"
    }
  },
  {
    "model": "admin.logentry",
    "pk": 13,
    "fields": {
      "action_time": "2026-02-28T06:56:58.000Z",
      "user": "731b7175-9b91-4355-a441-158959a87c76",
      "content_type": 10,
      "object_id": "1",
      "object_repr": "Article object (1)",
      "action_flag": 2,
      "change_message": "[{\"changed\": {\"fields\": [\"Published at\"]}}]"
    }
  },
  {
    "model": "auth.permission",
    "pk": 1,
    "fields": {
      "name": "Can add log entry",
      "content_type": 1,
      "codename": "add_logentry"
    }
  },
  {
    "model": "auth.permission",
    "pk": 2,
    "fields": {
      "name": "Can change log entry",
      "content_type": 1,
      "codename": "change_logentry"
    }
  },
  {
    "model": "auth.permission",
    "pk": 3,
    "fields": {
      "name": "Can delete log entry",
      "content_type": 1,
      "codename": "delete_logentry"
    }
  },
  {
    "model": "auth.permission",
    "pk": 4,
    "fields": {
      "name": "Can view log entry",
      "content_type": 1,
      "codename": "view_logentry"
    }
  },
  {
    "model": "auth.permission",
    "pk": 5,
    "fields": {
      "name": "Can add permission",
      "content_type": 3,
      "codename": "add_permission"
    }
  },
  {
    "model": "auth.permission",
    "pk": 6,
    "fields": {
      "name": "Can change permission",
      "content_type": 3,
      "codename": "change_permission"
    }
  },
  {
    "model": "auth.permission",
    "pk": 7,
    "fields": {
      "name": "Can delete permission",
      "content_type": 3,
      "codename": "delete_permission"
    }
  },
  {
    "model": "auth.permission",
    "pk": 8,
    "fields": {
      "name": "Can view permission",
      "content_type": 3,
      "codename": "view_permission"
    }
  },
  {
    "model": "auth.permission",
    "pk": 9,
    "fields": {
      "name": "Can add group",
      "content_type": 2,
      "codename": "add_group"
    }
  },
  {
    "model": "auth.permission",
    "pk": 10,
    "fields": {
      "name": "Can change group",
      "content_type": 2,
      "codename": "change_group"
    }
  },
  {
    "model": "auth.permission",
    "pk": 11,
    "fields": {
      "name": "Can delete group",
      "content_type": 2,
      "codename": "delete_group"
    }
  },
  {
    "model": "auth.permission",
    "pk": 12,
    "fields": {
      "name": "Can view group",
      "content_type": 2,
      "codename": "view_group"
    }
  },
  {
    "model": "auth.permission",
    "pk": 13,
    "fields": {
      "name": "Can add content type",
      "content_type": 4,
      "codename": "add_contenttype"
    }
  },
  {
    "model": "auth.permission",
    "pk": 14,
    "fields": {
      "name": "Can change content type",
      "content_type": 4,
      "codename": "change_contenttype"
    }
  },
  {
    "model": "auth.permission",
    "pk": 15,
    "fields": {
      "name": "Can delete content type",
      "content_type": 4,
      "codename": "delete_contenttype"
    }
  },
  {
    "model": "auth.permission",
    "pk": 16,
    "fields": {
      "name": "Can view content type",
      "content_type": 4,
      "codename": "view_contenttype"
    }
  },
  {
    "model": "auth.permission",
    "pk": 17,
    "fields": {
      "name": "Can add session",
      "content_type": 5,
      "codename": "add_session"
    }
  },
  {
    "model": "auth.permission",
    "pk": 18,
    "fields": {
      "name": "Can change session",
      "content_type": 5,
      "codename": "change_session"
    }
  },
  {
    "model": "auth.permission",
    "pk": 19,
    "fields": {
      "name": "Can delete session",
      "content_type": 5,
      "codename": "delete_session"
    }
  },
  {
    "model": "auth.permission",
    "pk": 20,
    "fields": {
      "name": "Can view session",
      "content_type": 5,
      "codename": "view_session"
    }
  },
  {
    "model": "auth.permission",
    "pk": 21,
    "fields": {
      "name": "Can add user",
      "content_type": 6,
      "codename": "add_user"
    }
  },
  {
    "model": "auth.permission",
    "pk": 22,
    "fields": {
      "name": "Can change user",
      "content_type": 6,
      "codename": "change_user"
    }
  },
  {
    "model": "auth.permission",
    "pk": 23,
    "fields": {
      "name": "Can delete user",
      "content_type": 6,
      "codename": "delete_user"
    }
  },
  {
    "model": "auth.permission",
    "pk": 24,
    "fields": {
      "name": "Can view user",
      "content_type": 6,
      "codename": "view_user"
    }
  },
  {
    "model": "auth.permission",
    "pk": 25,
    "fields": {
      "name": "Can add product",
      "content_type": 8,
      "codename": "add_product"
    }
  },
  {
    "model": "auth.permission",
    "pk": 26,
    "fields": {
      "name": "Can change product",
      "content_type": 8,
      "codename": "change_product"
    }
  },
  {
    "model": "auth.permission",
    "pk": 27,
    "fields": {
      "name": "Can delete product",
      "content_type": 8,
      "codename": "delete_product"
    }
  },
  {
    "model": "auth.permission",
    "pk": 28,
    "fields": {
      "name": "Can view product",
      "content_type": 8,
      "codename": "view_product"
    }
  },
  {
    "model": "auth.permission",
    "pk": 29,
    "fields": {
      "name": "Can add order",
      "content_type": 7,
      "codename": "add_order"
    }
  },
  {
    "model": "auth.permission",
    "pk": 30,
    "fields": {
      "name": "Can change order",
      "content_type": 7,
      "codename": "change_order"
    }
  },
  {
    "model": "auth.permission",
    "pk": 31,
    "fields": {
      "name": "Can delete order",
      "content_type": 7,
      "codename": "delete_order"
    }
  },
  {
    "model": "auth.permission",
    "pk": 32,
    "fields": {
      "name": "Can view order",
      "content_type": 7,
      "codename": "view_order"
    }
  },
  {
    "model": "auth.permission",
    "pk": 33,
    "fields": {
      "name": "Can add product image",
      "content_type": 9,
      "codename": "add_productimage"
    }
  },
  {
    "model": "auth.permission",
    "pk": 34,
    "fields": {
      "name": "Can change product image",
      "content_type": 9,
      "codename": "change_productimage"
    }
  },
  {
    "model": "auth.permission",
    "pk": 35,
    "fields": {
      "name": "Can delete product image",
      "content_type": 9,
      "codename": "delete_productimage"
    }
  },
  {
    "model": "auth.permission",
    "pk": 36,
    "fields": {
      "name": "Can view product image",
      "content_type": 9,
      "codename": "view_productimage"
    }
  },
  {
    "model": "auth.permission",
    "pk": 37,
    "fields": {
      "name": "Can add article",
      "content_type": 10,
      "codename": "add_article"
    }
  },
  {
    "model": "auth.permission",
    "pk": 38,
    "fields": {
      "name": "Can change article",
      "content_type": 10,
      "codename": "change_article"
    }
  },
  {
    "model": "auth.permission",
    "pk": 39,
    "fields": {
      "name": "Can delete article",
      "content_type": 10,
      "codename": "delete_article"
    }
  },
  {
    "model": "auth.permission",
    "pk": 40,
    "fields": {
      "name": "Can view article",
      "content_type": 10,
      "codename": "view_article"
    }
  },
  {
    "model": "auth.group",
    "pk": 1,
    "fields": {
      "name": "secret-group",
      "permissions": [
        25,
        26,
        27,
        28
      ]
    }
  },
  {
    "model": "auth.group",
    "pk": 2,
    "fields": {
      "name": "View-order",
      "permissions": [
        30,
        32
      ]
    }
  },
  {
    "model": "contenttypes.contenttype",
    "pk": 1,
    "fields": {
      "app_label": "admin",
      "model": "logentry"
    }
  },
  {
    "model": "contenttypes.contenttype",
    "pk": 2,
    "fields": {
      "app_label": "auth",
      "model": "group"
    }
  },
  {
    "model": "contenttypes.contenttype",
    "pk": 3,
    "fields": {
      "app_label": "auth",
      "model": "permission"
    }
  },
  {
    "model": "contenttypes.contenttype",
    "pk": 4,
    "fields": {
      "app_label": "contenttypes",
      "model": "contenttype"
    }
  },
  {
    "model": "contenttypes.contenttype",
    "pk": 5,
    "fields": {
      "app_label": "sessions",
      "model": "session"
    }
  },
  {
    "model": "contenttypes.contenttype",
    "pk": 6,
    "fields": {
      "app_label": "accounts",
      "model": "user"
    }
  },
  {
    "model": "contenttypes.contenttype",
    "pk": 7,
    "fields": {
      "app_label": "shopapp",
      "model": "order"
    }
  },
  {
    "model": "contenttypes.contenttype",
    "pk": 8,
    "fields": {
      "app_label": "shopapp",
      "model": "product"
    }
  },
  {
    "model": "contenttypes.contenttype",
    "pk": 9,
    "fields": {
      "app_label": "shopapp",
      "model": "productimage"
    }
  },
  {
    "model": "contenttypes.contenttype",
    "pk": 10,
    "fields": {
      "app_label": "blogapp",
      "model": "article"
    }
  },
  {
    "model": "sessions.session",
    "pk": "080fhkvdklvq6ha146ntovzxwg3jpiww",
    "fields": {
      "session_data": ".eJxVjjkOwjAQRe_iGlsej8cLJT1niMYbCaBEylIh7g6RUkD933v6L9HxtvbdttS5G4o4C4-QPHiSMUWQFokkWwsSKESKHHz2Tpx-tcT5UcfdLXceb5PK07jOQ1I7oo51Udep1OflYP8CPS_9brMBdK3UYIvjwFypOIxEgWNDnYBb42xMwwbaa4OUyJKx-L0ErKt4fwA3Aj_2:1vpRsG:0TvT6jKJSZH8oHDRb3x_hnbxrxSjNfLPfPv_mKlraWs",
      "expire_date": "2026-02-23T14:04:24.577Z"
    }
  },
  {
    "model": "sessions.session",
    "pk": "0ghfwf723vkvrp26g0bedzfemonbdq5r",
    "fields": {
      "session_data": ".eJxVjjkOwjAQRe_iGlsej8cLJT1niMYbCaBEylIh7g6RUkD933v6L9HxtvbdttS5G4o4C4-QPHiSMUWQFokkWwsSKESKHHz2Tpx-tcT5UcfdLXceb5PK07jOQ1I7oo51Udep1OflYP8CPS_9brMBdK3UYIvjwFypOIxEgWNDnYBb42xMwwbaa4OUyJKx-L0ErKt4fwA3Aj_2:1vq6aT:3Qr-V65-l9nL7AnSBXv1LRQMdGeWWQ8P7sD7iRbi5Ng",
      "expire_date": "2026-02-25T09:32:45.445Z"
    }
  },
  {
    "model": "sessions.session",
    "pk": "2v0rgfvksw474id2miv6jcqriyz4obfb",
    "fields": {
      "session_data": ".eJxVjjkOwjAQRe_iGlsej8cLJT1niMYbCaBEylIh7g6RUkD933v6L9HxtvbdttS5G4o4C4-QPHiSMUWQFokkWwsSKESKHHz2Tpx-tcT5UcfdLXceb5PK07jOQ1I7oo51Udep1OflYP8CPS_9brMBdK3UYIvjwFypOIxEgWNDnYBb42xMwwbaa4OUyJKx-L0ErKt4fwA3Aj_2:1vpWxX:OvbvILd7Bj8w5a6NNPYFJR78G2qD-aOFRlEGC8xTeYI",
      "expire_date": "2026-02-23T19:30:11.478Z"
    }
  },
  {
    "model": "sessions.session",
    "pk": "33vq8suifi3vawf3z66js4mh4hvx1ejj",
    "fields": {
      "session_data": ".eJxVjjkOwjAQRe_iGlsej8cLJT1niMYbCaBEylIh7g6RUkD933v6L9HxtvbdttS5G4o4C4-QPHiSMUWQFokkWwsSKESKHHz2Tpx-tcT5UcfdLXceb5PK07jOQ1I7oo51Udep1OflYP8CPS_9brMBdK3UYIvjwFypOIxEgWNDnYBb42xMwwbaa4OUyJKx-L0ErKt4fwA3Aj_2:1vq6k1:DQy73wWaZtNZItFQuqLkmqu7PRr9TECdq6auQM2B1wM",
      "expire_date": "2026-02-25T09:42:37.454Z"
    }
  },
  {
    "model": "sessions.session",
    "pk": "3fu7hj4e54tm6tj82onyg5tfftjqe6iy",
    "fields": {
      "session_data": ".eJxVjjkOwjAQRe_iGlsej8cLJT1niMYbCaBEylIh7g6RUkD933v6L9HxtvbdttS5G4o4C4-QPHiSMUWQFokkWwsSKESKHHz2Tpx-tcT5UcfdLXceb5PK07jOQ1I7oo51Udep1OflYP8CPS_9brMBdK3UYIvjwFypOIxEgWNDnYBb42xMwwbaa4OUyJKx-L0ErKt4fwA3Aj_2:1vmwZt:09bu2mgiF7hkbcfOg3yvXUTyPynFv3P9Bj5H2VxD-F0",
      "expire_date": "2026-02-16T16:15:05.343Z"
    }
  },
  {
    "model": "sessions.session",
    "pk": "4cp36rxcz6tn4x2z1q8dm6nnxvoz8ne3",
    "fields": {
      "session_data": ".eJxVjjkOwjAQRe_iGlsej8cLJT1niMYbCaBEylIh7g6RUkD933v6L9HxtvbdttS5G4o4C4-QPHiSMUWQFokkWwsSKESKHHz2Tpx-tcT5UcfdLXceb5PK07jOQ1I7oo51Udep1OflYP8CPS_9brMBdK3UYIvjwFypOIxEgWNDnYBb42xMwwbaa4OUyJKx-L0ErKt4fwA3Aj_2:1voSeu:ek1mItDOhSpB5I8LcAlXhytKM2zNKbHSHtfCpD4-Hpk",
      "expire_date": "2026-02-20T20:42:32.162Z"
    }
  },
  {
    "model": "sessions.session",
    "pk": "4gz3egb6y8527leh53d5uk8mmumr4vr5",
    "fields": {
      "session_data": ".eJxVjjkOwjAQRe_iGlsej8cLJT1niMYbCaBEylIh7g6RUkD933v6L9HxtvbdttS5G4o4C4-QPHiSMUWQFokkWwsSKESKHHz2Tpx-tcT5UcfdLXceb5PK07jOQ1I7oo51Udep1OflYP8CPS_9brMBdK3UYIvjwFypOIxEgWNDnYBb42xMwwbaa4OUyJKx-L0ErKt4fwA3Aj_2:1vq74t:qyXI4FPPGIAENRL3DIZl7KZns-aOv4pZsn6WXeuUaTQ",
      "expire_date": "2026-02-25T10:04:11.608Z"
    }
  },
  {
    "model": "sessions.session",
    "pk": "4nfkz49f0buwmzwmnn1v2i9uy4d9zg1o",
    "fields": {
      "session_data": ".eJxVjjkOwjAQRe_iGlsej8cLJT1niMYbCaBEylIh7g6RUkD933v6L9HxtvbdttS5G4o4C4-QPHiSMUWQFokkWwsSKESKHHz2Tpx-tcT5UcfdLXceb5PK07jOQ1I7oo51Udep1OflYP8CPS_9brMBdK3UYIvjwFypOIxEgWNDnYBb42xMwwbaa4OUyJKx-L0ErKt4fwA3Aj_2:1vnwbZ:Deeh3_Vb0yFR3XPYqYyJIMlupmzjnbKQmNGC_c3AfOU",
      "expire_date": "2026-02-19T10:28:57.709Z"
    }
  },
  {
    "model": "sessions.session",
    "pk": "4ueybfs8b2k2k4ompwwmpnbxopsf0rfa",
    "fields": {
      "session_data": ".eJxVjjkOwjAQRe_iGlsej8cLJT1niMYbCaBEylIh7g6RUkD933v6L9HxtvbdttS5G4o4C4-QPHiSMUWQFokkWwsSKESKHHz2Tpx-tcT5UcfdLXceb5PK07jOQ1I7oo51Udep1OflYP8CPS_9brMBdK3UYIvjwFypOIxEgWNDnYBb42xMwwbaa4OUyJKx-L0ErKt4fwA3Aj_2:1vpbiH:BrtXktq_jJs_OrnX_9g88dfx0sPKJVBx8rJLuI43Hm8",
      "expire_date": "2026-02-24T00:34:45.682Z"
    }
  },
  {
    "model": "sessions.session",
    "pk": "5ikmj8czsn64vd1fn2mxl0gw71jkvboj",
    "fields": {
      "session_data": ".eJxVjjkOwjAQRe_iGlsej8cLJT1niMYbCaBEylIh7g6RUkD933v6L9HxtvbdttS5G4o4C4-QPHiSMUWQFokkWwsSKESKHHz2Tpx-tcT5UcfdLXceb5PK07jOQ1I7oo51Udep1OflYP8CPS_9brMBdK3UYIvjwFypOIxEgWNDnYBb42xMwwbaa4OUyJKx-L0ErKt4fwA3Aj_2:1vqKhP:a_uQSdQfz8svgbg6CBwBKy20w_saQlpM_7AYUB30frY",
      "expire_date": "2026-02-26T00:36:51.164Z"
    }
  },
  {
    "model": "sessions.session",
    "pk": "6tkrihuy96nx6w6iz2du1fnj9iulumor",
    "fields": {
      "session_data": ".eJxVjjkOwjAQRe_iGlsej8cLJT1niMYbCaBEylIh7g6RUkD933v6L9HxtvbdttS5G4o4C4-QPHiSMUWQFokkWwsSKESKHHz2Tpx-tcT5UcfdLXceb5PK07jOQ1I7oo51Udep1OflYP8CPS_9brMBdK3UYIvjwFypOIxEgWNDnYBb42xMwwbaa4OUyJKx-L0ErKt4fwA3Aj_2:1voNzK:5d5Qhna-J_nRCHt_sGiksffQC0e5NgJ-_fWq5kxVrXg",
      "expire_date": "2026-02-20T15:43:18.057Z"
    }
  },
  {
    "model": "sessions.session",
    "pk": "6xc1jvga74ekh4o3xk6sqgwm52bnnsa1",
    "fields": {
      "session_data": ".eJxVjjkOwjAQRe_iGlsej8cLJT1niMYbCaBEylIh7g6RUkD933v6L9HxtvbdttS5G4o4C4-QPHiSMUWQFokkWwsSKESKHHz2Tpx-tcT5UcfdLXceb5PK07jOQ1I7oo51Udep1OflYP8CPS_9brMBdK3UYIvjwFypOIxEgWNDnYBb42xMwwbaa4OUyJKx-L0ErKt4fwA3Aj_2:1vpXP9:-9WR8900P2NRMunZQ7oG6JzuP1PMtvAmCIa9zOC3bQE",
      "expire_date": "2026-02-23T19:58:43.070Z"
    }
  },
  {
    "model": "sessions.session",
    "pk": "6zz855fjy0gogcv0vdz6n40pkr3b4w4u",
    "fields": {
      "session_data": ".eJxVjjkOwjAQRe_iGlsej8cLJT1niMYbCaBEylIh7g6RUkD933v6L9HxtvbdttS5G4o4C4-QPHiSMUWQFokkWwsSKESKHHz2Tpx-tcT5UcfdLXceb5PK07jOQ1I7oo51Udep1OflYP8CPS_9brMBdK3UYIvjwFypOIxEgWNDnYBb42xMwwbaa4OUyJKx-L0ErKt4fwA3Aj_2:1vpT0B:d6AFar0KngvMVxM9yVhLmXDgKx-baNv8ev5RhrfI-RI",
      "expire_date": "2026-02-23T15:16:39.325Z"
    }
  },
  {
    "model": "sessions.session",
    "pk": "71kgg1zsjpnkywk55ul5reuszo7vj4ja",
    "fields": {
      "session_data": ".eJxVjjkOwjAQRe_iGlsej8cLJT1niMYbCaBEylIh7g6RUkD933v6L9HxtvbdttS5G4o4C4-QPHiSMUWQFokkWwsSKESKHHz2Tpx-tcT5UcfdLXceb5PK07jOQ1I7oo51Udep1OflYP8CPS_9brMBdK3UYIvjwFypOIxEgWNDnYBb42xMwwbaa4OUyJKx-L0ErKt4fwA3Aj_2:1voRt4:qboNCBPvCujkZTOpbV76a4kycpg0pXbgwNPUDYxvGgE",
      "expire_date": "2026-02-20T19:53:06.976Z"
    }
  },
  {
    "model": "sessions.session",
    "pk": "7gl840qfz0lyv6smhtrkqe7dn8tw3ibt",
    "fields": {
      "session_data": ".eJxVjjkOwjAQRe_iGlsej8cLJT1niMYbCaBEylIh7g6RUkD933v6L9HxtvbdttS5G4o4C4-QPHiSMUWQFokkWwsSKESKHHz2Tpx-tcT5UcfdLXceb5PK07jOQ1I7oo51Udep1OflYP8CPS_9brMBdK3UYIvjwFypOIxEgWNDnYBb42xMwwbaa4OUyJKx-L0ErKt4fwA3Aj_2:1vqKSO:BJXIyoXvOaA9DXObdvRLIbo9KpLs30RCMrFnYTOkD3I",
      "expire_date": "2026-02-26T00:21:20.865Z"
    }
  },
  {
    "model": "sessions.session",
    "pk": "7ofa49vjdufwuv2cuv1o53rdv52ykxk0",
    "fields": {
      "session_data": ".eJxVjjkOwjAQRe_iGlsej8cLJT1niMYbCaBEylIh7g6RUkD933v6L9HxtvbdttS5G4o4C4-QPHiSMUWQFokkWwsSKESKHHz2Tpx-tcT5UcfdLXceb5PK07jOQ1I7oo51Udep1OflYP8CPS_9brMBdK3UYIvjwFypOIxEgWNDnYBb42xMwwbaa4OUyJKx-L0ErKt4fwA3Aj_2:1vqJ7F:Vh4JKGooPuUuAExgzQzpH9PXPnaWIXgi1-vIFNoEuyI",
      "expire_date": "2026-02-25T22:55:25.250Z"
    }
  },
  {
    "model": "sessions.session",
    "pk": "7txu6nd7ogksifcv13wsw8lde9ibdxti",
    "fields": {
      "session_data": ".eJxVjjkOwjAQRe_iGlsej8cLJT1niMYbCaBEylIh7g6RUkD933v6L9HxtvbdttS5G4o4C4-QPHiSMUWQFokkWwsSKESKHHz2Tpx-tcT5UcfdLXceb5PK07jOQ1I7oo51Udep1OflYP8CPS_9brMBdK3UYIvjwFypOIxEgWNDnYBb42xMwwbaa4OUyJKx-L0ErKt4fwA3Aj_2:1vo5fs:3y7OYxBsBXH1_UutRy9BDQa688aCWypZ1m62iZ9JNik",
      "expire_date": "2026-02-19T20:10:00.318Z"
    }
  },
  {
    "model": "sessions.session",
    "pk": "8bn8xp6t1v3gpu8646e6bojkx6eo53fi",
    "fields": {
      "session_data": ".eJxVjjkOwjAQRe_iGlsej8cLJT1niMYbCaBEylIh7g6RUkD933v6L9HxtvbdttS5G4o4C4-QPHiSMUWQFokkWwsSKESKHHz2Tpx-tcT5UcfdLXceb5PK07jOQ1I7oo51Udep1OflYP8CPS_9brMBdK3UYIvjwFypOIxEgWNDnYBb42xMwwbaa4OUyJKx-L0ErKt4fwA3Aj_2:1vqKTM:Hztg2fU1z69Bzde3nmRkI7g2wUhOcdcwOjm5hjbov6A",
      "expire_date": "2026-02-26T00:22:20.826Z"
    }
  },
  {
    "model": "sessions.session",
    "pk": "8hppbu39fg5udlrm3oq2gjesw3s8uqf0",
    "fields": {
      "session_data": ".eJxVjjkOwjAQRe_iGlsej8cLJT1niMYbCaBEylIh7g6RUkD933v6L9HxtvbdttS5G4o4C4-QPHiSMUWQFokkWwsSKESKHHz2Tpx-tcT5UcfdLXceb5PK07jOQ1I7oo51Udep1OflYP8CPS_9brMBdK3UYIvjwFypOIxEgWNDnYBb42xMwwbaa4OUyJKx-L0ErKt4fwA3Aj_2:1vpN8l:bFHzBuZDUBfCPyTRA_aEFFMi8r_LQWJlUOy4hgOHqv4",
      "expire_date": "2026-02-23T09:01:07.458Z"
    }
  },
  {
    "model": "sessions.session",
    "pk": "8o0cydvk5rxxa6d4azh8wy3qq1mecjvi",
    "fields": {
      "session_data": ".eJxVjjkOwjAQRe_iGlsej8cLJT1niMYbCaBEylIh7g6RUkD933v6L9HxtvbdttS5G4o4C4-QPHiSMUWQFokkWwsSKESKHHz2Tpx-tcT5UcfdLXceb5PK07jOQ1I7oo51Udep1OflYP8CPS_9brMBdK3UYIvjwFypOIxEgWNDnYBb42xMwwbaa4OUyJKx-L0ErKt4fwA3Aj_2:1vpXfb:kjBx8AM8_SC07HyxSPC2aNkm9D0ak5mbaGJL_p4r4fA",
      "expire_date": "2026-02-23T20:15:43.204Z"
    }
  },
  {
    "model": "sessions.session",
    "pk": "8vvfwfogqx5oyyy5nhfz6snzdri11jwe",
    "fields": {
      "session_data": ".eJxVjjkOwjAQRe_iGlsej8cLJT1niMYbCaBEylIh7g6RUkD933v6L9HxtvbdttS5G4o4C4-QPHiSMUWQFokkWwsSKESKHHz2Tpx-tcT5UcfdLXceb5PK07jOQ1I7oo51Udep1OflYP8CPS_9brMBdK3UYIvjwFypOIxEgWNDnYBb42xMwwbaa4OUyJKx-L0ErKt4fwA3Aj_2:1vpe9A:FZ11-nxmkiC3gpyDOj3IMh5SGTCZE3Qon9N8vSR0WNg",
      "expire_date": "2026-02-24T03:10:40.058Z"
    }
  },
  {
    "model": "sessions.session",
    "pk": "9afjvk1ezdbwjv92osyfa3o794f1v2hq",
    "fields": {
      "session_data": ".eJxVjjkOwjAQRe_iGlsej8cLJT1niMYbCaBEylIh7g6RUkD933v6L9HxtvbdttS5G4o4C4-QPHiSMUWQFokkWwsSKESKHHz2Tpx-tcT5UcfdLXceb5PK07jOQ1I7oo51Udep1OflYP8CPS_9brMBdK3UYIvjwFypOIxEgWNDnYBb42xMwwbaa4OUyJKx-L0ErKt4fwA3Aj_2:1vpdes:G7ZbIKNUBnQS30qxM70GXQBajRkCPX110VNwW5gWOTU",
      "expire_date": "2026-02-24T02:39:22.175Z"
    }
  },
  {
    "model": "sessions.session",
    "pk": "9fdxe8ok4lkzk178lb8ksy4gio752ipr",
    "fields": {
      "session_data": ".eJxVjjkOwjAQRe_iGlsej8cLJT1niMYbCaBEylIh7g6RUkD933v6L9HxtvbdttS5G4o4C4-QPHiSMUWQFokkWwsSKESKHHz2Tpx-tcT5UcfdLXceb5PK07jOQ1I7oo51Udep1OflYP8CPS_9brMBdK3UYIvjwFypOIxEgWNDnYBb42xMwwbaa4OUyJKx-L0ErKt4fwA3Aj_2:1vsBT6:zpSyUsPRHy7nV5dPMvcNQdBvLwsHE7hTsff9uk-I6LI",
      "expire_date": "2026-03-03T03:09:44.266Z"
    }
  },
  {
    "model": "sessions.session",
    "pk": "a4rtg0rkes4qydhz9j87t2k5vx7as5ra",
    "fields": {
      "session_data": ".eJxVjDsOwjAQBe_iGlvr39qmTM8ZovXaIQGUSPlUiLuTSCmgfTPz3qKlbe3bbalzOxRxFbF0SDkYSaagdEBWJuIkoXJkHytY8uLym2XiZx2PtjxovE-Kp3Gdh6wORZ10Ubep1Fdzun8HPS39XgMEXbsagTUBYjLogo4-B-cKApAL-xg5Q3CarCdkzOhT53wJxrIXny__00Aj:1vq7o0:niIfSIVB4HqJLSxEfIZhAeuY2FfYLepPofGcHhuJwwQ",
      "expire_date": "2026-02-25T10:50:48.794Z"
    }
  },
  {
    "model": "sessions.session",
    "pk": "b03w07xle6t5r35wdnil740c17tmt2bk",
    "fields": {
      "session_data": ".eJxVjjkOwjAQRe_iGlsej8cLJT1niMYbCaBEylIh7g6RUkD933v6L9HxtvbdttS5G4o4C4-QPHiSMUWQFokkWwsSKESKHHz2Tpx-tcT5UcfdLXceb5PK07jOQ1I7oo51Udep1OflYP8CPS_9brMBdK3UYIvjwFypOIxEgWNDnYBb42xMwwbaa4OUyJKx-L0ErKt4fwA3Aj_2:1vpN4L:C2eHxzJIujJVmbGfydrwAB-skbCoqKzNjSXrzj5RXz4",
      "expire_date": "2026-02-23T08:56:33.862Z"
    }
  },
  {
    "model": "sessions.session",
    "pk": "b6f9x02lzi3izjq29lasodoc30f24kmx",
    "fields": {
      "session_data": ".eJxVjjkOwjAQRe_iGlsej8cLJT1niMYbCaBEylIh7g6RUkD933v6L9HxtvbdttS5G4o4C4-QPHiSMUWQFokkWwsSKESKHHz2Tpx-tcT5UcfdLXceb5PK07jOQ1I7oo51Udep1OflYP8CPS_9brMBdK3UYIvjwFypOIxEgWNDnYBb42xMwwbaa4OUyJKx-L0ErKt4fwA3Aj_2:1vmweU:nvJ_t34eLdE6RDCpm1VwvL-71iAHJcNFxGH-SRKjQLI",
      "expire_date": "2026-02-16T16:19:50.055Z"
    }
  },
  {
    "model": "sessions.session",
    "pk": "b8edm1ck0wv02f9et1udb3hinbcoikgq",
    "fields": {
      "session_data": ".eJxVjjkOwjAQRe_iGlsej8cLJT1niMYbCaBEylIh7g6RUkD933v6L9HxtvbdttS5G4o4C4-QPHiSMUWQFokkWwsSKESKHHz2Tpx-tcT5UcfdLXceb5PK07jOQ1I7oo51Udep1OflYP8CPS_9brMBdK3UYIvjwFypOIxEgWNDnYBb42xMwwbaa4OUyJKx-L0ErKt4fwA3Aj_2:1vq7tu:b6rxWVrihMBtde-iZj3ykQp27orI58aUkY-yFpMpV3g",
      "expire_date": "2026-02-25T10:56:54.005Z"
    }
  },
  {
    "model": "sessions.session",
    "pk": "by3tb7mrs45o19o6agcst805si38ndwc",
    "fields": {
      "session_data": ".eJxVjjkOwjAQRe_iGlsej8cLJT1niMYbCaBEylIh7g6RUkD933v6L9HxtvbdttS5G4o4C4-QPHiSMUWQFokkWwsSKESKHHz2Tpx-tcT5UcfdLXceb5PK07jOQ1I7oo51Udep1OflYP8CPS_9brMBdK3UYIvjwFypOIxEgWNDnYBb42xMwwbaa4OUyJKx-L0ErKt4fwA3Aj_2:1vmwte:20Z3YrnHlGPaCJBYxhm2h2iML94YNxKbPGGU3QxXYiU",
      "expire_date": "2026-02-16T16:35:30.520Z"
    }
  },
  {
    "model": "sessions.session",
    "pk": "byt916omf1g3w9ov7awild6xw5simyq2",
    "fields": {
      "session_data": ".eJxVjDsOwjAQBe_iGlvr39qmTM8ZovXaIQGUSPlUiLuTSCmgfTPz3qKlbe3bbalzOxRxFbF0SDkYSaagdEBWJuIkoXJkHytY8uLym2XiZx2PtjxovE-Kp3Gdh6wORZ10Ubep1Fdzun8HPS39XgMEXbsagTUBYjLogo4-B-cKApAL-xg5Q3CarCdkzOhT53wJxrIXny__00Aj:1vmzVM:wSJl_SLkg7B9-hDUOywaVZ_gB2nxfIBDykFhtU_J2R8",
      "expire_date": "2026-02-16T19:22:36.359Z"
    }
  },
  {
    "model": "sessions.session",
    "pk": "ctakvqeygyvrqtlts8n2aoqf3o9aromt",
    "fields": {
      "session_data": ".eJxVzLsOwjAMheF3yUyjpE3impGdZ6jsOKYF1Eq9TIh3h0odYD7_d16mo23tu20pczeIORuPqsrRV0maXAVFrBg4VTGWFhG9Jh_M6Zcx5UcZdyt3Gm-TzdO4zgPbPbHHutjrJOV5Odq_g56W_qs1BXJe64AlenXSKlNBVCCURgEAwScQQOekKTkLc2o55FogMVIy7w8FRUG6:1voQAl:yW7E5yMY-DLH1AENx-KVsBzMRiuJVqIOmx7onCyn9qw",
      "expire_date": "2026-02-20T18:03:15.798Z"
    }
  },
  {
    "model": "sessions.session",
    "pk": "d812r5hsg0mp8n9hbtymfe4u1jw9saqh",
    "fields": {
      "session_data": ".eJxVjjkOwjAQRe_iGlsej8cLJT1niMYbCaBEylIh7g6RUkD933v6L9HxtvbdttS5G4o4C4-QPHiSMUWQFokkWwsSKESKHHz2Tpx-tcT5UcfdLXceb5PK07jOQ1I7oo51Udep1OflYP8CPS_9brMBdK3UYIvjwFypOIxEgWNDnYBb42xMwwbaa4OUyJKx-L0ErKt4fwA3Aj_2:1vpLQJ:ksP_Qv_SEWezEoXPbhb_YRwiRffqhkPZ-CnnJk32-b8",
      "expire_date": "2026-02-23T07:11:07.629Z"
    }
  },
  {
    "model": "sessions.session",
    "pk": "daqelgo12fkjz0nd8ks3acfyrpc9ibr8",
    "fields": {
      "session_data": ".eJxVjjkOwjAQRe_iGlsej8cLJT1niMYbCaBEylIh7g6RUkD933v6L9HxtvbdttS5G4o4C4-QPHiSMUWQFokkWwsSKESKHHz2Tpx-tcT5UcfdLXceb5PK07jOQ1I7oo51Udep1OflYP8CPS_9brMBdK3UYIvjwFypOIxEgWNDnYBb42xMwwbaa4OUyJKx-L0ErKt4fwA3Aj_2:1voAN9:n3ZeYQ3Z7aMEzsmeGXoN75H_Bp66GfgJdIpOutCYyzs",
      "expire_date": "2026-02-20T01:10:59.834Z"
    }
  },
  {
    "model": "sessions.session",
    "pk": "ev58ct0ko6p9qfevkr7jv1fo452b0myi",
    "fields": {
      "session_data": ".eJxVzLsOwjAMheF3yUyjpE3impGdZ6jsOKYF1Eq9TIh3h0odYD7_d16mo23tu20pczeIORuPqsrRV0maXAVFrBg4VTGWFhG9Jh_M6Zcx5UcZdyt3Gm-TzdO4zgPbPbHHutjrJOV5Odq_g56W_qs1BXJe64AlenXSKlNBVCCURgEAwScQQOekKTkLc2o55FogMVIy7w8FRUG6:1voRmN:2G0W4-_JtqObNPqpJq4sbOTubNWaCbSOkq7s1QLtFcc",
      "expire_date": "2026-02-20T19:46:11.526Z"
    }
  },
  {
    "model": "sessions.session",
    "pk": "f18uytv828nr5st9iii25wz2n6nyxtsp",
    "fields": {
      "session_data": ".eJxVjjkOwjAQRe_iGlsej8cLJT1niMYbCaBEylIh7g6RUkD933v6L9HxtvbdttS5G4o4C4-QPHiSMUWQFokkWwsSKESKHHz2Tpx-tcT5UcfdLXceb5PK07jOQ1I7oo51Udep1OflYP8CPS_9brMBdK3UYIvjwFypOIxEgWNDnYBb42xMwwbaa4OUyJKx-L0ErKt4fwA3Aj_2:1vxnd8:isSadxvSOrxE5_7jd-xZ3RIkyiDZQxuVfyLRiBop5ac",
      "expire_date": "2026-03-18T14:55:18.132Z"
    }
  },
  {
    "model": "sessions.session",
    "pk": "fn5qd96pgbme7akvksd2bbux6ycum8ue",
    "fields": {
      "session_data": ".eJxVjjkOwjAQRe_iGlsej8cLJT1niMYbCaBEylIh7g6RUkD933v6L9HxtvbdttS5G4o4C4-QPHiSMUWQFokkWwsSKESKHHz2Tpx-tcT5UcfdLXceb5PK07jOQ1I7oo51Udep1OflYP8CPS_9brMBdK3UYIvjwFypOIxEgWNDnYBb42xMwwbaa4OUyJKx-L0ErKt4fwA3Aj_2:1vnwKN:kdGdpZoEj7Yb7xiauXMctvydwTX2MdfeunYdF34tfM8",
      "expire_date": "2026-02-19T10:11:11.791Z"
    }
  },
  {
    "model": "sessions.session",
    "pk": "gqted0ywqdkrhactf8d1sac00uprfjeh",
    "fields": {
      "session_data": ".eJxVjjkOwjAQRe_iGlsej8cLJT1niMYbCaBEylIh7g6RUkD933v6L9HxtvbdttS5G4o4C4-QPHiSMUWQFokkWwsSKESKHHz2Tpx-tcT5UcfdLXceb5PK07jOQ1I7oo51Udep1OflYP8CPS_9brMBdK3UYIvjwFypOIxEgWNDnYBb42xMwwbaa4OUyJKx-L0ErKt4fwA3Aj_2:1vq2Ri:1Y2xntpvIgNFZqF-XhMe5p_QJsFEKxU3TL70JtlFg_U",
      "expire_date": "2026-02-25T05:07:26.091Z"
    }
  },
  {
    "model": "sessions.session",
    "pk": "gtgkibkwcmk6ffd7y33zjo9hswa1ij3u",
    "fields": {
      "session_data": ".eJxVjjkOwjAQRe_iGlsej8cLJT1niMYbCaBEylIh7g6RUkD933v6L9HxtvbdttS5G4o4C4-QPHiSMUWQFokkWwsSKESKHHz2Tpx-tcT5UcfdLXceb5PK07jOQ1I7oo51Udep1OflYP8CPS_9brMBdK3UYIvjwFypOIxEgWNDnYBb42xMwwbaa4OUyJKx-L0ErKt4fwA3Aj_2:1vn3pr:9lvbW0m5vPVHQCmoN0FQJpofNxY4IJPhpc3avHNwVsE",
      "expire_date": "2026-02-17T00:00:03.594Z"
    }
  },
  {
    "model": "sessions.session",
    "pk": "gti744zvvczzn7af1it2ly9gcbccq2n1",
    "fields": {
      "session_data": ".eJxVjjkOwjAQRe_iGlsej8cLJT1niMYbCaBEylIh7g6RUkD933v6L9HxtvbdttS5G4o4C4-QPHiSMUWQFokkWwsSKESKHHz2Tpx-tcT5UcfdLXceb5PK07jOQ1I7oo51Udep1OflYP8CPS_9brMBdK3UYIvjwFypOIxEgWNDnYBb42xMwwbaa4OUyJKx-L0ErKt4fwA3Aj_2:1vnvnv:5cClPjwi_dmbSXKe56ER5ti-5UxIMkjrxLhrdhiOPp8",
      "expire_date": "2026-02-19T09:37:39.426Z"
    }
  },
  {
    "model": "sessions.session",
    "pk": "hc69kdnj9pgzvf2ydchdje3lrjfmq1ov",
    "fields": {
      "session_data": ".eJxVjjkOwjAQRe_iGlsej8cLJT1niMYbCaBEylIh7g6RUkD933v6L9HxtvbdttS5G4o4C4-QPHiSMUWQFokkWwsSKESKHHz2Tpx-tcT5UcfdLXceb5PK07jOQ1I7oo51Udep1OflYP8CPS_9brMBdK3UYIvjwFypOIxEgWNDnYBb42xMwwbaa4OUyJKx-L0ErKt4fwA3Aj_2:1vmw23:fHHmeNHerBmTh0U_DMuBq__u2toWXYIKDkpqIuVcv78",
      "expire_date": "2026-02-16T15:40:07.637Z"
    }
  },
  {
    "model": "sessions.session",
    "pk": "hpao1hoaaekjnp6l6s1xhg06sr4yxn7s",
    "fields": {
      "session_data": ".eJxVjjkOwjAQRe_iGlsej8cLJT1niMYbCaBEylIh7g6RUkD933v6L9HxtvbdttS5G4o4C4-QPHiSMUWQFokkWwsSKESKHHz2Tpx-tcT5UcfdLXceb5PK07jOQ1I7oo51Udep1OflYP8CPS_9brMBdK3UYIvjwFypOIxEgWNDnYBb42xMwwbaa4OUyJKx-L0ErKt4fwA3Aj_2:1vn56c:PV4Gt_FAQrz_R1R6aQOaSO2SFjGvZt2qG5jcf2daBhU",
      "expire_date": "2026-02-17T01:21:26.590Z"
    }
  },
  {
    "model": "sessions.session",
    "pk": "hsm78gi9zcpovzlrht0gecwvuuyetw2b",
    "fields": {
      "session_data": ".eJxVjjkOwjAQRe_iGlsej8cLJT1niMYbCaBEylIh7g6RUkD933v6L9HxtvbdttS5G4o4C4-QPHiSMUWQFokkWwsSKESKHHz2Tpx-tcT5UcfdLXceb5PK07jOQ1I7oo51Udep1OflYP8CPS_9brMBdK3UYIvjwFypOIxEgWNDnYBb42xMwwbaa4OUyJKx-L0ErKt4fwA3Aj_2:1vpSwT:kg5gBvK_uOcI9y7sBjFa3i5fH8X6pM7iz9ZQ6Avktw4",
      "expire_date": "2026-02-23T15:12:49.911Z"
    }
  },
  {
    "model": "sessions.session",
    "pk": "hw7wrvheb6buhhj11n57ti7hnd6jxxc3",
    "fields": {
      "session_data": ".eJxVjjkOwjAQRe_iGlsej8cLJT1niMYbCaBEylIh7g6RUkD933v6L9HxtvbdttS5G4o4C4-QPHiSMUWQFokkWwsSKESKHHz2Tpx-tcT5UcfdLXceb5PK07jOQ1I7oo51Udep1OflYP8CPS_9brMBdK3UYIvjwFypOIxEgWNDnYBb42xMwwbaa4OUyJKx-L0ErKt4fwA3Aj_2:1vmwsI:S9zPhgGUsuQrNUEYE949eQBXZXf6XQVu_FF-eGesnbg",
      "expire_date": "2026-02-16T16:34:06.795Z"
    }
  },
  {
    "model": "sessions.session",
    "pk": "ivqakkgqjih8qvta76dl3folbfik47e1",
    "fields": {
      "session_data": ".eJxVjjkOwjAQRe_iGlsej8cLJT1niMYbCaBEylIh7g6RUkD933v6L9HxtvbdttS5G4o4C4-QPHiSMUWQFokkWwsSKESKHHz2Tpx-tcT5UcfdLXceb5PK07jOQ1I7oo51Udep1OflYP8CPS_9brMBdK3UYIvjwFypOIxEgWNDnYBb42xMwwbaa4OUyJKx-L0ErKt4fwA3Aj_2:1vsEPQ:BO0pfm9D1wN-_l2Obs90udQd42qDD3cMAQeH_Thi10I",
      "expire_date": "2026-03-03T06:18:08.445Z"
    }
  },
  {
    "model": "sessions.session",
    "pk": "j5x0cbgu6k7dbqestcr0kowz35c40t45",
    "fields": {
      "session_data": ".eJxVjjkOwjAQRe_iGlsej8cLJT1niMYbCaBEylIh7g6RUkD933v6L9HxtvbdttS5G4o4C4-QPHiSMUWQFokkWwsSKESKHHz2Tpx-tcT5UcfdLXceb5PK07jOQ1I7oo51Udep1OflYP8CPS_9brMBdK3UYIvjwFypOIxEgWNDnYBb42xMwwbaa4OUyJKx-L0ErKt4fwA3Aj_2:1vpYqY:KFAWuEt5XphKRAy-Bhc2--zWFlfZhX7oS2rlo106uJw",
      "expire_date": "2026-02-23T21:31:06.071Z"
    }
  },
  {
    "model": "sessions.session",
    "pk": "jj1dpiwnc1hqeqp46ozp1h2218za604n",
    "fields": {
      "session_data": ".eJxVjjkOwjAQRe_iGlsej8cLJT1niMYbCaBEylIh7g6RUkD933v6L9HxtvbdttS5G4o4C4-QPHiSMUWQFokkWwsSKESKHHz2Tpx-tcT5UcfdLXceb5PK07jOQ1I7oo51Udep1OflYP8CPS_9brMBdK3UYIvjwFypOIxEgWNDnYBb42xMwwbaa4OUyJKx-L0ErKt4fwA3Aj_2:1vn1a4:T2Ai4HmeJoPjTRi1uAiSGJB0lML6DVBeexHr2Ozass8",
      "expire_date": "2026-02-16T21:35:36.813Z"
    }
  },
  {
    "model": "sessions.session",
    "pk": "jr9ef0wjwv4nq09huwacu9bi70jq7hu5",
    "fields": {
      "session_data": ".eJxVjjkOwjAQRe_iGlsej8cLJT1niMYbCaBEylIh7g6RUkD933v6L9HxtvbdttS5G4o4C4-QPHiSMUWQFokkWwsSKESKHHz2Tpx-tcT5UcfdLXceb5PK07jOQ1I7oo51Udep1OflYP8CPS_9brMBdK3UYIvjwFypOIxEgWNDnYBb42xMwwbaa4OUyJKx-L0ErKt4fwA3Aj_2:1vn0OS:OjVkR-vqSN-iSDnL5tqMeD7Fu4j5r_B2_flJzaHpGUs",
      "expire_date": "2026-02-16T20:19:32.808Z"
    }
  },
  {
    "model": "sessions.session",
    "pk": "jsijis084l9thwpp8m0k7qpoxrw3y37c",
    "fields": {
      "session_data": ".eJxVjjkOwjAQRe_iGlsej8cLJT1niMYbCaBEylIh7g6RUkD933v6L9HxtvbdttS5G4o4C4-QPHiSMUWQFokkWwsSKESKHHz2Tpx-tcT5UcfdLXceb5PK07jOQ1I7oo51Udep1OflYP8CPS_9brMBdK3UYIvjwFypOIxEgWNDnYBb42xMwwbaa4OUyJKx-L0ErKt4fwA3Aj_2:1vpeK7:c8ylZobH-sy7Nq66KNQss032wZW_8GKDR4fb2CtS8jU",
      "expire_date": "2026-02-24T03:21:59.676Z"
    }
  },
  {
    "model": "sessions.session",
    "pk": "jxt2rhhq54gof58tvkmuvtr5vni9aebo",
    "fields": {
      "session_data": ".eJxVjjkOwjAQRe_iGlsej8cLJT1niMYbCaBEylIh7g6RUkD933v6L9HxtvbdttS5G4o4C4-QPHiSMUWQFokkWwsSKESKHHz2Tpx-tcT5UcfdLXceb5PK07jOQ1I7oo51Udep1OflYP8CPS_9brMBdK3UYIvjwFypOIxEgWNDnYBb42xMwwbaa4OUyJKx-L0ErKt4fwA3Aj_2:1vq6hB:FNOfBsvFPPibwZSEyrAOt3peUxCNTKIcU4M_cuFpoiY",
      "expire_date": "2026-02-25T09:39:41.590Z"
    }
  },
  {
    "model": "sessions.session",
    "pk": "k2sa3zffrezhwc1z0thhyl2oh2v5itxs",
    "fields": {
      "session_data": ".eJxVzLsOwjAMheF3yUyjpE3impGdZ6jsOKYF1Eq9TIh3h0odYD7_d16mo23tu20pczeIORuPqsrRV0maXAVFrBg4VTGWFhG9Jh_M6Zcx5UcZdyt3Gm-TzdO4zgPbPbHHutjrJOV5Odq_g56W_qs1BXJe64AlenXSKlNBVCCURgEAwScQQOekKTkLc2o55FogMVIy7w8FRUG6:1vqmPs:IHuMllJUIat-Ts4jnRaaoAoH2sTQo-mMJccsSSVQayE",
      "expire_date": "2026-02-27T06:12:36.004Z"
    }
  },
  {
    "model": "sessions.session",
    "pk": "k4m6afn224t6rzrzgp3daen4j49dpwsh",
    "fields": {
      "session_data": ".eJxVjjkOwjAQRe_iGlsej8cLJT1niMYbCaBEylIh7g6RUkD933v6L9HxtvbdttS5G4o4C4-QPHiSMUWQFokkWwsSKESKHHz2Tpx-tcT5UcfdLXceb5PK07jOQ1I7oo51Udep1OflYP8CPS_9brMBdK3UYIvjwFypOIxEgWNDnYBb42xMwwbaa4OUyJKx-L0ErKt4fwA3Aj_2:1vpW5v:5uo8k_Vq2nHezIvY1cvn7EWwkMloT_DVdj9IZ_tG0Qg",
      "expire_date": "2026-02-23T18:34:47.526Z"
    }
  },
  {
    "model": "sessions.session",
    "pk": "kq8hth0xenj41cltqmfbe10ytvce6c3f",
    "fields": {
      "session_data": ".eJxVjjkOwjAQRe_iGlsej8cLJT1niMYbCaBEylIh7g6RUkD933v6L9HxtvbdttS5G4o4C4-QPHiSMUWQFokkWwsSKESKHHz2Tpx-tcT5UcfdLXceb5PK07jOQ1I7oo51Udep1OflYP8CPS_9brMBdK3UYIvjwFypOIxEgWNDnYBb42xMwwbaa4OUyJKx-L0ErKt4fwA3Aj_2:1vn77L:3VDV_Vdx_bnKKnFWxfhEFOsjFMcdL5-NKjOBnW3ST4U",
      "expire_date": "2026-02-17T03:30:19.802Z"
    }
  },
  {
    "model": "sessions.session",
    "pk": "ktlnq4yjs22906dkj7bpus3q26la3gx6",
    "fields": {
      "session_data": ".eJxVjjkOwjAQRe_iGlsej8cLJT1niMYbCaBEylIh7g6RUkD933v6L9HxtvbdttS5G4o4C4-QPHiSMUWQFokkWwsSKESKHHz2Tpx-tcT5UcfdLXceb5PK07jOQ1I7oo51Udep1OflYP8CPS_9brMBdK3UYIvjwFypOIxEgWNDnYBb42xMwwbaa4OUyJKx-L0ErKt4fwA3Aj_2:1voSZM:qG1OBQj-PmOujEE1N8bH6WBS9Fo3PEVuiW8vjJo1k2M",
      "expire_date": "2026-02-20T20:36:48.334Z"
    }
  },
  {
    "model": "sessions.session",
    "pk": "l2l2uvs66sgkvvn6ljbiz8zv6pddtb7e",
    "fields": {
      "session_data": ".eJxVjjkOwjAQRe_iGlsej8cLJT1niMYbCaBEylIh7g6RUkD933v6L9HxtvbdttS5G4o4C4-QPHiSMUWQFokkWwsSKESKHHz2Tpx-tcT5UcfdLXceb5PK07jOQ1I7oo51Udep1OflYP8CPS_9brMBdK3UYIvjwFypOIxEgWNDnYBb42xMwwbaa4OUyJKx-L0ErKt4fwA3Aj_2:1vmx3x:8rTEfYThVmK3jZSpCZPCu4OlFm6iHR8iVUmblj-tZXE",
      "expire_date": "2026-02-16T16:46:09.370Z"
    }
  },
  {
    "model": "sessions.session",
    "pk": "ls3j0l2284tieopf79kpwmlcjsb3ozea",
    "fields": {
      "session_data": ".eJxVjjkOwjAQRe_iGlsej8cLJT1niMYbCaBEylIh7g6RUkD933v6L9HxtvbdttS5G4o4C4-QPHiSMUWQFokkWwsSKESKHHz2Tpx-tcT5UcfdLXceb5PK07jOQ1I7oo51Udep1OflYP8CPS_9brMBdK3UYIvjwFypOIxEgWNDnYBb42xMwwbaa4OUyJKx-L0ErKt4fwA3Aj_2:1vmxXT:iunx1SLb7a7jeqdNEmFPLDRpLpcmbgAdRmB0ymYnNdE",
      "expire_date": "2026-02-16T17:16:39.232Z"
    }
  },
  {
    "model": "sessions.session",
    "pk": "lvtdr9mio7eawf5qjhga8r0uu7gp4qky",
    "fields": {
      "session_data": ".eJxVjjkOwjAQRe_iGlsej8cLJT1niMYbCaBEylIh7g6RUkD933v6L9HxtvbdttS5G4o4C4-QPHiSMUWQFokkWwsSKESKHHz2Tpx-tcT5UcfdLXceb5PK07jOQ1I7oo51Udep1OflYP8CPS_9brMBdK3UYIvjwFypOIxEgWNDnYBb42xMwwbaa4OUyJKx-L0ErKt4fwA3Aj_2:1vmxRK:p9MKwmi9E6gkGga7ZDHP9CCr6pQ-gkblgHNrV3h9v0g",
      "expire_date": "2026-02-16T17:10:18.766Z"
    }
  },
  {
    "model": "sessions.session",
    "pk": "m7pfnyhcykonp5j70v10i02jkwwegb0j",
    "fields": {
      "session_data": ".eJxVjjkOwjAQRe_iGlsej8cLJT1niMYbCaBEylIh7g6RUkD933v6L9HxtvbdttS5G4o4C4-QPHiSMUWQFokkWwsSKESKHHz2Tpx-tcT5UcfdLXceb5PK07jOQ1I7oo51Udep1OflYP8CPS_9brMBdK3UYIvjwFypOIxEgWNDnYBb42xMwwbaa4OUyJKx-L0ErKt4fwA3Aj_2:1vvXXQ:752e9EgvL4ptfk_YKzy-hUNgBLS9G1uTbhQULN72w08",
      "expire_date": "2026-03-12T09:20:04.103Z"
    }
  },
  {
    "model": "sessions.session",
    "pk": "m8vlq8ea7skyajxzihvw3c6micvlel0s",
    "fields": {
      "session_data": ".eJxVjjkOwjAQRe_iGlsej8cLJT1niMYbCaBEylIh7g6RUkD933v6L9HxtvbdttS5G4o4C4-QPHiSMUWQFokkWwsSKESKHHz2Tpx-tcT5UcfdLXceb5PK07jOQ1I7oo51Udep1OflYP8CPS_9brMBdK3UYIvjwFypOIxEgWNDnYBb42xMwwbaa4OUyJKx-L0ErKt4fwA3Aj_2:1vqJQ8:v5sFv61jIif1cx0E_50CEGwHfb8Ep_rTYjPG-QKTeoA",
      "expire_date": "2026-02-25T23:14:56.716Z"
    }
  },
  {
    "model": "sessions.session",
    "pk": "n9g9etfqiqpeaxdvoimx8crgrs79niko",
    "fields": {
      "session_data": ".eJxVjjkOwjAQRe_iGlsej8cLJT1niMYbCaBEylIh7g6RUkD933v6L9HxtvbdttS5G4o4C4-QPHiSMUWQFokkWwsSKESKHHz2Tpx-tcT5UcfdLXceb5PK07jOQ1I7oo51Udep1OflYP8CPS_9brMBdK3UYIvjwFypOIxEgWNDnYBb42xMwwbaa4OUyJKx-L0ErKt4fwA3Aj_2:1vpNCQ:fbqCQ4fVSVvQx-OTomE2OQyyvD160P0-o3G923EcST4",
      "expire_date": "2026-02-23T09:04:54.689Z"
    }
  },
  {
    "model": "sessions.session",
    "pk": "ojltsa4e8h582dim1rsdxm3xtz6tofhv",
    "fields": {
      "session_data": ".eJxVjjkOwjAQRe_iGlsej8cLJT1niMYbCaBEylIh7g6RUkD933v6L9HxtvbdttS5G4o4C4-QPHiSMUWQFokkWwsSKESKHHz2Tpx-tcT5UcfdLXceb5PK07jOQ1I7oo51Udep1OflYP8CPS_9brMBdK3UYIvjwFypOIxEgWNDnYBb42xMwwbaa4OUyJKx-L0ErKt4fwA3Aj_2:1voQy1:N-uIL65XKWmzD0Fa1mgr3lny0RxwYtDDc-8gB4jPDDg",
      "expire_date": "2026-02-20T18:54:09.530Z"
    }
  },
  {
    "model": "sessions.session",
    "pk": "on61s5265e3ok3fmxhkd7whwsttpa8kl",
    "fields": {
      "session_data": ".eJxVjjkOwjAQRe_iGlsej8cLJT1niMYbCaBEylIh7g6RUkD933v6L9HxtvbdttS5G4o4C4-QPHiSMUWQFokkWwsSKESKHHz2Tpx-tcT5UcfdLXceb5PK07jOQ1I7oo51Udep1OflYP8CPS_9brMBdK3UYIvjwFypOIxEgWNDnYBb42xMwwbaa4OUyJKx-L0ErKt4fwA3Aj_2:1vpURE:eOwbWkiCbgCl-_GwzvCCMgWNNL70bzXksqvqpxARbLo",
      "expire_date": "2026-02-23T16:48:40.666Z"
    }
  },
  {
    "model": "sessions.session",
    "pk": "p7qknzo62ucasn0pabst01800iu0yves",
    "fields": {
      "session_data": ".eJxVjjkOwjAQRe_iGlsej8cLJT1niMYbCaBEylIh7g6RUkD933v6L9HxtvbdttS5G4o4C4-QPHiSMUWQFokkWwsSKESKHHz2Tpx-tcT5UcfdLXceb5PK07jOQ1I7oo51Udep1OflYP8CPS_9brMBdK3UYIvjwFypOIxEgWNDnYBb42xMwwbaa4OUyJKx-L0ErKt4fwA3Aj_2:1vn0Mj:31biAEdDX7pZ3X7JSg5hPRq4FeTQG-aeYy26BsxKkWA",
      "expire_date": "2026-02-16T20:17:45.629Z"
    }
  },
  {
    "model": "sessions.session",
    "pk": "pwkb7l12cpvby78oykmh0a2fv244qt72",
    "fields": {
      "session_data": ".eJxVjjkOwjAQRe_iGlsej8cLJT1niMYbCaBEylIh7g6RUkD933v6L9HxtvbdttS5G4o4C4-QPHiSMUWQFokkWwsSKESKHHz2Tpx-tcT5UcfdLXceb5PK07jOQ1I7oo51Udep1OflYP8CPS_9brMBdK3UYIvjwFypOIxEgWNDnYBb42xMwwbaa4OUyJKx-L0ErKt4fwA3Aj_2:1vpLwE:2JAbecjFE6W1oO849Rgzh1NuJVRlnkLRfEifGErTPzs",
      "expire_date": "2026-02-23T07:44:06.575Z"
    }
  },
  {
    "model": "sessions.session",
    "pk": "q58pu2b6ff6xt536k7nbhi9sizbqr2qu",
    "fields": {
      "session_data": ".eJxVjjkOwjAQRe_iGlsej8cLJT1niMYbCaBEylIh7g6RUkD933v6L9HxtvbdttS5G4o4C4-QPHiSMUWQFokkWwsSKESKHHz2Tpx-tcT5UcfdLXceb5PK07jOQ1I7oo51Udep1OflYP8CPS_9brMBdK3UYIvjwFypOIxEgWNDnYBb42xMwwbaa4OUyJKx-L0ErKt4fwA3Aj_2:1voRYw:GA0Bw5sLXpyz8FnNX2HgZKLQadbqSZwAx92jQE-o0Pw",
      "expire_date": "2026-02-20T19:32:18.241Z"
    }
  },
  {
    "model": "sessions.session",
    "pk": "qnqlglyhyxzc7os08j2ebw7weu9sfy71",
    "fields": {
      "session_data": ".eJxVjjkOwjAQRe_iGlsej8cLJT1niMYbCaBEylIh7g6RUkD933v6L9HxtvbdttS5G4o4C4-QPHiSMUWQFokkWwsSKESKHHz2Tpx-tcT5UcfdLXceb5PK07jOQ1I7oo51Udep1OflYP8CPS_9brMBdK3UYIvjwFypOIxEgWNDnYBb42xMwwbaa4OUyJKx-L0ErKt4fwA3Aj_2:1vpLqg:1NBa8eGEcH-JtN-X4MAKZzWls22rFefndvnhYsXK-JY",
      "expire_date": "2026-02-23T07:38:22.379Z"
    }
  },
  {
    "model": "sessions.session",
    "pk": "r4sukjszgcbyv0dsrr8btqnanz5albqt",
    "fields": {
      "session_data": ".eJxVzLsOwjAMheF3yUyjpE3impGdZ6jsOKYF1Eq9TIh3h0odYD7_d16mo23tu20pczeIORuPqsrRV0maXAVFrBg4VTGWFhG9Jh_M6Zcx5UcZdyt3Gm-TzdO4zgPbPbHHutjrJOV5Odq_g56W_qs1BXJe64AlenXSKlNBVCCURgEAwScQQOekKTkLc2o55FogMVIy7w8FRUG6:1vqmUx:8sMLfPvKMj0fEQNQfm4ObO64Yz257tC0CKrMtEuMUQM",
      "expire_date": "2026-02-27T06:17:51.157Z"
    }
  },
  {
    "model": "sessions.session",
    "pk": "r8qzli5d9lzhrwl0ehnhb5pi2nbrbqvt",
    "fields": {
      "session_data": ".eJxVjjkOwjAQRe_iGlsej8cLJT1niMYbCaBEylIh7g6RUkD933v6L9HxtvbdttS5G4o4C4-QPHiSMUWQFokkWwsSKESKHHz2Tpx-tcT5UcfdLXceb5PK07jOQ1I7oo51Udep1OflYP8CPS_9brMBdK3UYIvjwFypOIxEgWNDnYBb42xMwwbaa4OUyJKx-L0ErKt4fwA3Aj_2:1vv5uy:DwwxLlEfpEmcgfjKMk0AbinLr6Z7kL-81rnBrCnd6Lw",
      "expire_date": "2026-03-11T03:50:32.578Z"
    }
  },
  {
    "model": "sessions.session",
    "pk": "s98vuxn02nkd60p7jbp1zdsde4j15cec",
    "fields": {
      "session_data": ".eJxVjjkOwjAQRe_iGlsej8cLJT1niMYbCaBEylIh7g6RUkD933v6L9HxtvbdttS5G4o4C4-QPHiSMUWQFokkWwsSKESKHHz2Tpx-tcT5UcfdLXceb5PK07jOQ1I7oo51Udep1OflYP8CPS_9brMBdK3UYIvjwFypOIxEgWNDnYBb42xMwwbaa4OUyJKx-L0ErKt4fwA3Aj_2:1vq6pm:YKzaH_5KByCTs5mS-vkKefdqV5_0qi1dsDst1QKlROc",
      "expire_date": "2026-02-25T09:48:34.564Z"
    }
  },
  {
    "model": "sessions.session",
    "pk": "t76w32kli3axu44gusyio80p20jy64im",
    "fields": {
      "session_data": ".eJxVjjkOwjAQRe_iGlsej8cLJT1niMYbCaBEylIh7g6RUkD933v6L9HxtvbdttS5G4o4C4-QPHiSMUWQFokkWwsSKESKHHz2Tpx-tcT5UcfdLXceb5PK07jOQ1I7oo51Udep1OflYP8CPS_9brMBdK3UYIvjwFypOIxEgWNDnYBb42xMwwbaa4OUyJKx-L0ErKt4fwA3Aj_2:1vpPwT:Ghhuuw4Nk9hmmV-Yvg6lOjOO8X45PGAfr9NaIy9d274",
      "expire_date": "2026-02-23T12:00:37.125Z"
    }
  },
  {
    "model": "sessions.session",
    "pk": "u18nxsui038f7ui8ngyw1oalrb4y6who",
    "fields": {
      "session_data": ".eJxVjjkOwjAQRe_iGlsej8cLJT1niMYbCaBEylIh7g6RUkD933v6L9HxtvbdttS5G4o4C4-QPHiSMUWQFokkWwsSKESKHHz2Tpx-tcT5UcfdLXceb5PK07jOQ1I7oo51Udep1OflYP8CPS_9brMBdK3UYIvjwFypOIxEgWNDnYBb42xMwwbaa4OUyJKx-L0ErKt4fwA3Aj_2:1vmwh0:2jLnQukx16RvKbRTiObvNJ4O0zOli71Y7qY8Nk29eKw",
      "expire_date": "2026-02-16T16:22:26.067Z"
    }
  },
  {
    "model": "sessions.session",
    "pk": "u61n9lv1g683vndhcuwje1dq7b16bz1s",
    "fields": {
      "session_data": ".eJxVjjkOwjAQRe_iGlsej8cLJT1niMYbCaBEylIh7g6RUkD933v6L9HxtvbdttS5G4o4C4-QPHiSMUWQFokkWwsSKESKHHz2Tpx-tcT5UcfdLXceb5PK07jOQ1I7oo51Udep1OflYP8CPS_9brMBdK3UYIvjwFypOIxEgWNDnYBb42xMwwbaa4OUyJKx-L0ErKt4fwA3Aj_2:1vpOoq:LrrS6izKC11SGhxwvU7_kiKgwZjZA-lcP2Ysz5vTPU8",
      "expire_date": "2026-02-23T10:48:40.850Z"
    }
  },
  {
    "model": "sessions.session",
    "pk": "uer4s5iteuv2jdpzqwqx6jkzjv0yaabc",
    "fields": {
      "session_data": ".eJxVjjkOwjAQRe_iGlsej8cLJT1niMYbCaBEylIh7g6RUkD933v6L9HxtvbdttS5G4o4C4-QPHiSMUWQFokkWwsSKESKHHz2Tpx-tcT5UcfdLXceb5PK07jOQ1I7oo51Udep1OflYP8CPS_9brMBdK3UYIvjwFypOIxEgWNDnYBb42xMwwbaa4OUyJKx-L0ErKt4fwA3Aj_2:1vo6Gl:2_wgSRzWj3gzS73Un0d65vKixqODhuveyFQ54W6__SM",
      "expire_date": "2026-02-19T20:48:07.063Z"
    }
  },
  {
    "model": "sessions.session",
    "pk": "uhnzl6cqfj5fji7y2juqj3pmv4d01n7h",
    "fields": {
      "session_data": ".eJxVjjkOwjAQRe_iGlsej8cLJT1niMYbCaBEylIh7g6RUkD933v6L9HxtvbdttS5G4o4C4-QPHiSMUWQFokkWwsSKESKHHz2Tpx-tcT5UcfdLXceb5PK07jOQ1I7oo51Udep1OflYP8CPS_9brMBdK3UYIvjwFypOIxEgWNDnYBb42xMwwbaa4OUyJKx-L0ErKt4fwA3Aj_2:1voS9A:9bJxHkSBHMZUin3r467YkkySkMOOBmiC8TOgMb_o6Dk",
      "expire_date": "2026-02-20T20:09:44.162Z"
    }
  },
  {
    "model": "sessions.session",
    "pk": "ujlxrylcuhhuq1k80ozjawdmg1flczan",
    "fields": {
      "session_data": ".eJxVjjkOwjAQRe_iGlsej8cLJT1niMYbCaBEylIh7g6RUkD933v6L9HxtvbdttS5G4o4C4-QPHiSMUWQFokkWwsSKESKHHz2Tpx-tcT5UcfdLXceb5PK07jOQ1I7oo51Udep1OflYP8CPS_9brMBdK3UYIvjwFypOIxEgWNDnYBb42xMwwbaa4OUyJKx-L0ErKt4fwA3Aj_2:1vn4BV:h-yN2FHF0MGaTchX-3lWLV2nrEIFbB2MnGKABQdrHZg",
      "expire_date": "2026-02-17T00:22:25.477Z"
    }
  },
  {
    "model": "sessions.session",
    "pk": "upgbr19qrt1dc537gire4ybkl6bdnahg",
    "fields": {
      "session_data": ".eJxVjjkOwjAQRe_iGlsej8cLJT1niMYbCaBEylIh7g6RUkD933v6L9HxtvbdttS5G4o4C4-QPHiSMUWQFokkWwsSKESKHHz2Tpx-tcT5UcfdLXceb5PK07jOQ1I7oo51Udep1OflYP8CPS_9brMBdK3UYIvjwFypOIxEgWNDnYBb42xMwwbaa4OUyJKx-L0ErKt4fwA3Aj_2:1voPH6:EpBZMzpa1_SHomxAzDdwqdtmhxO04Dz6s1NYbtU846k",
      "expire_date": "2026-02-20T17:05:44.758Z"
    }
  },
  {
    "model": "sessions.session",
    "pk": "uzmgkpc1so0v25mghtc885ynydxdufnx",
    "fields": {
      "session_data": ".eJxVjjkOwjAQRe_iGlsej8cLJT1niMYbCaBEylIh7g6RUkD933v6L9HxtvbdttS5G4o4C4-QPHiSMUWQFokkWwsSKESKHHz2Tpx-tcT5UcfdLXceb5PK07jOQ1I7oo51Udep1OflYP8CPS_9brMBdK3UYIvjwFypOIxEgWNDnYBb42xMwwbaa4OUyJKx-L0ErKt4fwA3Aj_2:1vpYjA:dtZD0n8CIIWZlK8-yp9E88fUMoJ3q_DrJvyOmIV_Ibg",
      "expire_date": "2026-02-23T21:23:28.798Z"
    }
  },
  {
    "model": "sessions.session",
    "pk": "vos59yru8t10jrge4x3ogbhl8mwirorh",
    "fields": {
      "session_data": ".eJxVjjkOwjAQRe_iGlsej8cLJT1niMYbCaBEylIh7g6RUkD933v6L9HxtvbdttS5G4o4C4-QPHiSMUWQFokkWwsSKESKHHz2Tpx-tcT5UcfdLXceb5PK07jOQ1I7oo51Udep1OflYP8CPS_9brMBdK3UYIvjwFypOIxEgWNDnYBb42xMwwbaa4OUyJKx-L0ErKt4fwA3Aj_2:1vpPbf:8O-gg4hJAmOR4wsJJAo6miV_82XRiJ_tka4QYTZSdsg",
      "expire_date": "2026-02-23T11:39:07.708Z"
    }
  },
  {
    "model": "sessions.session",
    "pk": "vrcq999u9ypkdudn91x9d4lkxptyjzad",
    "fields": {
      "session_data": ".eJxVjDsOwjAQBe_iGlvr39qmTM8ZovXaIQGUSPlUiLuTSCmgfTPz3qKlbe3bbalzOxRxFbF0SDkYSaagdEBWJuIkoXJkHytY8uLym2XiZx2PtjxovE-Kp3Gdh6wORZ10Ubep1Fdzun8HPS39XgMEXbsagTUBYjLogo4-B-cKApAL-xg5Q3CarCdkzOhT53wJxrIXny__00Aj:1vq7kP:bc3XbIcBrLnKHmsEtFmtWwEv9wvBcQiQm2q21k8FQ0g",
      "expire_date": "2026-02-25T10:47:05.841Z"
    }
  },
  {
    "model": "sessions.session",
    "pk": "wl6lgjt6yqgcdvic765y1oaxo3rmo2aw",
    "fields": {
      "session_data": ".eJxVjjkOwjAQRe_iGlsej8cLJT1niMYbCaBEylIh7g6RUkD933v6L9HxtvbdttS5G4o4C4-QPHiSMUWQFokkWwsSKESKHHz2Tpx-tcT5UcfdLXceb5PK07jOQ1I7oo51Udep1OflYP8CPS_9brMBdK3UYIvjwFypOIxEgWNDnYBb42xMwwbaa4OUyJKx-L0ErKt4fwA3Aj_2:1vsEUb:zPm675SLXMyIJNUq_CMdXn-RAL7UhjekbyEENmPNMIc",
      "expire_date": "2026-03-03T06:23:29.000Z"
    }
  },
  {
    "model": "sessions.session",
    "pk": "wqiwgwzo340dmwlc9o3ho6nu3dino5qx",
    "fields": {
      "session_data": ".eJxVjjkOwjAQRe_iGlsej8cLJT1niMYbCaBEylIh7g6RUkD933v6L9HxtvbdttS5G4o4C4-QPHiSMUWQFokkWwsSKESKHHz2Tpx-tcT5UcfdLXceb5PK07jOQ1I7oo51Udep1OflYP8CPS_9brMBdK3UYIvjwFypOIxEgWNDnYBb42xMwwbaa4OUyJKx-L0ErKt4fwA3Aj_2:1vsAwU:Qef0wVG5Oamw81WtHa7y2rX6dlPISTteq3QSnF4Q810",
      "expire_date": "2026-03-03T02:36:02.183Z"
    }
  },
  {
    "model": "sessions.session",
    "pk": "x9gqfs5e2kg5sx4xayzk72ggcp95fwri",
    "fields": {
      "session_data": ".eJxVjjkOwjAQRe_iGlsej8cLJT1niMYbCaBEylIh7g6RUkD933v6L9HxtvbdttS5G4o4C4-QPHiSMUWQFokkWwsSKESKHHz2Tpx-tcT5UcfdLXceb5PK07jOQ1I7oo51Udep1OflYP8CPS_9brMBdK3UYIvjwFypOIxEgWNDnYBb42xMwwbaa4OUyJKx-L0ErKt4fwA3Aj_2:1vqJZh:RyVcbkdETgoZFRGB00o2Kt_f4-zBLuDS1n9l5Zq2qIo",
      "expire_date": "2026-02-25T23:24:49.066Z"
    }
  },
  {
    "model": "sessions.session",
    "pk": "xi9f4azzfunr5wajq8ywdxp3oxu636rp",
    "fields": {
      "session_data": ".eJxVjjkOwjAQRe_iGlsej8cLJT1niMYbCaBEylIh7g6RUkD933v6L9HxtvbdttS5G4o4C4-QPHiSMUWQFokkWwsSKESKHHz2Tpx-tcT5UcfdLXceb5PK07jOQ1I7oo51Udep1OflYP8CPS_9brMBdK3UYIvjwFypOIxEgWNDnYBb42xMwwbaa4OUyJKx-L0ErKt4fwA3Aj_2:1vnuIP:4MXcRZvSbRMwyDOcOY5HOCOeTfrocXah7rJUAWR7FrA",
      "expire_date": "2026-02-19T08:01:01.871Z"
    }
  },
  {
    "model": "sessions.session",
    "pk": "zblegcj3xibnf6zgzxqev1akoi6iqh0m",
    "fields": {
      "session_data": ".eJxVjjkOwjAQRe_iGlsej8cLJT1niMYbCaBEylIh7g6RUkD933v6L9HxtvbdttS5G4o4C4-QPHiSMUWQFokkWwsSKESKHHz2Tpx-tcT5UcfdLXceb5PK07jOQ1I7oo51Udep1OflYP8CPS_9brMBdK3UYIvjwFypOIxEgWNDnYBb42xMwwbaa4OUyJKx-L0ErKt4fwA3Aj_2:1vpS5m:OT5_awv4LIz2xbi7c6bbHafkStoLveBzTe7TesCQuiY",
      "expire_date": "2026-02-23T14:18:22.475Z"
    }
  },
  {
    "model": "sessions.session",
    "pk": "zj9w0igpivch0ygukumf2ji3u8gpxl4s",
    "fields": {
      "session_data": ".eJxVjjkOwjAQRe_iGlsej8cLJT1niMYbCaBEylIh7g6RUkD933v6L9HxtvbdttS5G4o4C4-QPHiSMUWQFokkWwsSKESKHHz2Tpx-tcT5UcfdLXceb5PK07jOQ1I7oo51Udep1OflYP8CPS_9brMBdK3UYIvjwFypOIxEgWNDnYBb42xMwwbaa4OUyJKx-L0ErKt4fwA3Aj_2:1vnvxu:9DrQILGAn768Mw7RAumHq9QAJsJgrbyvDU4MDnyh0g8",
      "expire_date": "2026-02-19T09:47:58.152Z"
    }
  },
  {
    "model": "accounts.user",
    "pk": "009a57c0-ea1f-4395-97f5-6a994d728ae0",
    "fields": {
      "password": "argon2$argon2id$v=19$m=102400,t=2,p=8$VXVjcnV0UkJIclFkM0lsTVZKZ29yNA$5WEAAgCgejPpr15Jp+tlIRwT2x5ywMuvqb1OQ2eyq9Q",
      "last_login": "2026-02-16T12:09:22.611Z",
      "is_superuser": false,
      "username": "Vlad22",
      "first_name": "Vlad",
      "last_name": "",
      "is_staff": false,
      "is_active": true,
      "date_joined": "2026-02-16T12:08:29.730Z",
      "email": "vlad22@email.com",
      "phone": "+79990121212",
      "date_birth": null,
      "about_me": "",
      "avatar": "",
      "agreement_accepted": false,
      "groups": [],
      "user_permissions": []
    }
  },
  {
    "model": "accounts.user",
    "pk": "19fffb51-6d3c-4f99-b7b6-55e89991f614",
    "fields": {
      "password": "argon2$argon2id$v=19$m=102400,t=2,p=8$QzM4S1hKMEJ4SWZEazl0SkU1ZWhubg$LGD6Um/W7Vlrj/SlX4IGMmh11om3e9CqCgiRKGmY6vw",
      "last_login": "2026-02-13T06:27:25.245Z",
      "is_superuser": false,
      "username": "Nick77",
      "first_name": "Nick",
      "last_name": "Marw",
      "is_staff": true,
      "is_active": true,
      "date_joined": "2026-01-31T00:42:27Z",
      "email": "nik7777@email.com",
      "phone": "+79047770099",
      "date_birth": null,
      "about_me": "Nick7777",
      "avatar": "",
      "agreement_accepted": false,
      "groups": [
        1,
        2
      ],
      "user_permissions": []
    }
  },
  {
    "model": "accounts.user",
    "pk": "42fc894c-ae04-427a-b4b5-1125ed61132b",
    "fields": {
      "password": "argon2$argon2id$v=19$m=102400,t=2,p=8$NkhUQldsUFBXUGZ4VzBSb3luT2Q5eQ$RGHajScRnnA8rToN5X+Q/PYfqUKcZ8g38T4gSQcOtIc",
      "last_login": "2026-01-31T00:43:56.421Z",
      "is_superuser": false,
      "username": "Jhon3Z",
      "first_name": "Jhon3",
      "last_name": "Mr",
      "is_staff": false,
      "is_active": true,
      "date_joined": "2026-01-31T00:43:56.285Z",
      "email": "jhon3@gmail.ru",
      "phone": "+79525552323",
      "date_birth": "1976-11-11",
      "about_me": "Jhon",
      "avatar": "",
      "agreement_accepted": false,
      "groups": [],
      "user_permissions": []
    }
  },
  {
    "model": "accounts.user",
    "pk": "731b7175-9b91-4355-a441-158959a87c76",
    "fields": {
      "password": "argon2$argon2id$v=19$m=102400,t=2,p=8$MDYxcU9SdkdVZGNRWjdBamVYaDJ2Rg$TVk5hwn6CirAznV8+stKWzm+jfz/WZXET+jHmjF6Nao",
      "last_login": "2026-03-04T14:55:18.117Z",
      "is_superuser": true,
      "username": "Admin",
      "first_name": "Berg",
      "last_name": "Mr",
      "is_staff": true,
      "is_active": true,
      "date_joined": "2026-01-31T00:28:28Z",
      "email": "bel.var.dev@gmail.com",
      "phone": "+79990009900",
      "date_birth": null,
      "about_me": "Администратор системы",
      "avatar": "users/user_Admin/avatar/dev.jpg",
      "agreement_accepted": false,
      "groups": [
        1
      ],
      "user_permissions": []
    }
  },
  {
    "model": "accounts.user",
    "pk": "8df6ab72-a2d6-40a3-9ac9-0ec8c58e03a5",
    "fields": {
      "password": "argon2$argon2id$v=19$m=102400,t=2,p=8$aEJwRnpHZFM3c2RDYkJYNHVCaXZ3Ng$SL8zqoxJsEoO9A21v0I2HnimNqJvdiorhmrZtmeQ8Uc",
      "last_login": "2026-02-13T06:12:09.003Z",
      "is_superuser": false,
      "username": "Sam12",
      "first_name": "Samuel",
      "last_name": "Br",
      "is_staff": false,
      "is_active": true,
      "date_joined": "2026-01-31T00:43:00.910Z",
      "email": "sam12@email.com",
      "phone": "+79994195656",
      "date_birth": "1998-11-11",
      "about_me": "",
      "avatar": "",
      "agreement_accepted": false,
      "groups": [],
      "user_permissions": []
    }
  },
  {
    "model": "accounts.user",
    "pk": "a682c07a-3dd6-481f-bcc4-8eace8c6d71e",
    "fields": {
      "password": "argon2$argon2id$v=19$m=102400,t=2,p=8$cnRaOWJGRUdRYlpYQlhRdWNXdjBxVw$U0XkJdYEqsUgyB0wGg+BP3rHmPKBUe8JWIovCNEqLdY",
      "last_login": "2026-02-16T13:03:33.143Z",
      "is_superuser": false,
      "username": "Zero1",
      "first_name": "Zero",
      "last_name": "",
      "is_staff": false,
      "is_active": true,
      "date_joined": "2026-02-16T13:03:07.753Z",
      "email": "zero1@email.com",
      "phone": "+79809550909",
      "date_birth": "1988-10-11",
      "about_me": "",
      "avatar": "",
      "agreement_accepted": false,
      "groups": [],
      "user_permissions": []
    }
  },
  {
    "model": "accounts.user",
    "pk": "acfacdd3-6018-4857-9285-09368e9f6ead",
    "fields": {
      "password": "argon2$argon2id$v=19$m=102400,t=2,p=8$MmZiQzZZZkZiUXFodXRGanEwV3NDVw$D7U+h9nwyUxsGrjveEHojHQ6CWlEpdQPDRM/IUGwLoQ",
      "last_login": null,
      "is_superuser": false,
      "username": "Cerber3",
      "first_name": "Cerber",
      "last_name": "",
      "is_staff": false,
      "is_active": true,
      "date_joined": "2026-02-16T12:36:02.160Z",
      "email": "cerber3@email.com",
      "phone": "+79990904545",
      "date_birth": null,
      "about_me": "",
      "avatar": "",
      "agreement_accepted": false,
      "groups": [],
      "user_permissions": []
    }
  },
  {
    "model": "accounts.user",
    "pk": "d0ad8fb4-5e92-427f-8ff8-2e3304051eba",
    "fields": {
      "password": "argon2$argon2id$v=19$m=102400,t=2,p=8$dEhqNW16UHdObG1zU0Fkc3E0Sm40QQ$ehGuQMYbCbudIOmGyZLb9HZflQhWY9AZrjySBgOtJxI",
      "last_login": null,
      "is_superuser": false,
      "username": "SDD33",
      "first_name": "Sdd",
      "last_name": "",
      "is_staff": false,
      "is_active": true,
      "date_joined": "2026-02-16T12:39:07.969Z",
      "email": "sdd33@email.com",
      "phone": "+79809940909",
      "date_birth": null,
      "about_me": "",
      "avatar": "",
      "agreement_accepted": false,
      "groups": [],
      "user_permissions": []
    }
  },
  {
    "model": "accounts.user",
    "pk": "df4f7f56-5f11-413c-a231-2251d7604b4d",
    "fields": {
      "password": "argon2$argon2id$v=19$m=102400,t=2,p=8$bld6VklkdUM4SkM2RENkbnRZUUY1Uw$tr4uValGAmvK3Ht+vE7Vb8bND8POHgtfx6beESuNA18",
      "last_login": null,
      "is_superuser": false,
      "username": "David99",
      "first_name": "David",
      "last_name": "",
      "is_staff": false,
      "is_active": true,
      "date_joined": "2026-02-17T01:43:29.091Z",
      "email": "david99@email.com",
      "phone": "+79525552332",
      "date_birth": null,
      "about_me": "",
      "avatar": "",
      "agreement_accepted": false,
      "groups": [],
      "user_permissions": []
    }
  },
  {
    "model": "shopapp.product",
    "pk": 1,
    "fields": {
      "name": "Laptop",
      "description": "A new Laotop",
      "price": "43000.00",
      "discount": 3,
      "created_at": "2026-01-31T00:35:06.499Z",
      "created_by": "731b7175-9b91-4355-a441-158959a87c76",
      "archived": false,
      "preview": "products/product_1/preview/5073d2921eac7f9bd80215bc520b3c1be8df628a61829a2c7912ec412c515af5.jpg"
    }
  },
  {
    "model": "shopapp.product",
    "pk": 2,
    "fields": {
      "name": "Smartphone",
      "description": "A new Smartphone",
      "price": "13000.00",
      "discount": 10,
      "created_at": "2026-01-31T00:37:49.574Z",
      "created_by": "731b7175-9b91-4355-a441-158959a87c76",
      "archived": false,
      "preview": "products/product_2/preview/3f07b1ffa9193a775d83d5a74fa818307037b9e0cf34e51a18ac31304fceefb9.jpg.webp"
    }
  },
  {
    "model": "shopapp.product",
    "pk": 3,
    "fields": {
      "name": "Laptop 2",
      "description": "Laptop 2",
      "price": "56800.00",
      "discount": 2,
      "created_at": "2026-01-31T00:40:53.913Z",
      "created_by": "731b7175-9b91-4355-a441-158959a87c76",
      "archived": false,
      "preview": "products/product_3/preview/b58e3b5e273b3d58015ee643b4dc0bcf65653ef6e13084300d2b1b0ea79f4884.jpg"
    }
  },
  {
    "model": "shopapp.product",
    "pk": 4,
    "fields": {
      "name": "Desktop",
      "description": "A new Desktop",
      "price": "120000.00",
      "discount": 1,
      "created_at": "2026-01-31T00:49:03.368Z",
      "created_by": "19fffb51-6d3c-4f99-b7b6-55e89991f614",
      "archived": false,
      "preview": "products/product_4/preview/fd5bf0e0881688bc53605a7d795063a6d0a1ed3beea944fbb52719a444a07f4f.png"
    }
  },
  {
    "model": "shopapp.product",
    "pk": 5,
    "fields": {
      "name": "Desktop 2",
      "description": "Desktop 2 / i / 99/ 10890",
      "price": "55800.00",
      "discount": 5,
      "created_at": "2026-02-02T23:21:03.782Z",
      "created_by": "731b7175-9b91-4355-a441-158959a87c76",
      "archived": false,
      "preview": "products/product_5/preview/a820fcef45b5cc1918d68ba9053300d0ba0348e764772d9dd7b86c30e2dfa580.jpg"
    }
  },
  {
    "model": "shopapp.product",
    "pk": 6,
    "fields": {
      "name": "Smartphone 2",
      "description": "Smartphone",
      "price": "25800.00",
      "discount": 10,
      "created_at": "2026-02-02T23:21:40.034Z",
      "created_by": "731b7175-9b91-4355-a441-158959a87c76",
      "archived": false,
      "preview": "products/product_6/preview/4ed93379c3d56a4d4f246b63f84e608d7f4f379258d4f1837bca03212910f86e.jpg"
    }
  },
  {
    "model": "shopapp.product",
    "pk": 7,
    "fields": {
      "name": "Tablet",
      "description": "A new Tablet",
      "price": "3400.00",
      "discount": 10,
      "created_at": "2026-02-11T12:28:12.068Z",
      "created_by": "731b7175-9b91-4355-a441-158959a87c76",
      "archived": false,
      "preview": "products/product_7/preview/Laptop_1.png"
    }
  },
  {
    "model": "shopapp.product",
    "pk": 8,
    "fields": {
      "name": "Tablet 2",
      "description": "A new Tablet 2",
      "price": "15600.00",
      "discount": 1,
      "created_at": "2026-02-11T12:30:12.053Z",
      "created_by": "731b7175-9b91-4355-a441-158959a87c76",
      "archived": false,
      "preview": "products/product_8/preview/Laptop_2.jpg"
    }
  },
  {
    "model": "shopapp.product",
    "pk": 9,
    "fields": {
      "name": "Smartphone 3",
      "description": "",
      "price": "23999.00",
      "discount": 10,
      "created_at": "2026-02-19T08:04:03.477Z",
      "created_by": "731b7175-9b91-4355-a441-158959a87c76",
      "archived": false,
      "preview": ""
    }
  },
  {
    "model": "shopapp.product",
    "pk": 10,
    "fields": {
      "name": "Smartphone 4",
      "description": "",
      "price": "25000.00",
      "discount": 10,
      "created_at": "2026-02-19T08:04:03.477Z",
      "created_by": "731b7175-9b91-4355-a441-158959a87c76",
      "archived": false,
      "preview": ""
    }
  },
  {
    "model": "shopapp.product",
    "pk": 11,
    "fields": {
      "name": "Smartphone 5",
      "description": "",
      "price": "20500.00",
      "discount": 10,
      "created_at": "2026-02-19T08:04:03.477Z",
      "created_by": "731b7175-9b91-4355-a441-158959a87c76",
      "archived": false,
      "preview": ""
    }
  },
  {
    "model": "shopapp.product",
    "pk": 12,
    "fields": {
      "name": "Laptop-12",
      "description": "A new one",
      "price": "25000.00",
      "discount": 5,
      "created_at": "2026-02-26T10:10:09.115Z",
      "created_by": "731b7175-9b91-4355-a441-158959a87c76",
      "archived": false,
      "preview": ""
    }
  },
  {
    "model": "shopapp.product",
    "pk": 13,
    "fields": {
      "name": "Laptop-14",
      "description": "A bigger one",
      "price": "28000.00",
      "discount": 7,
      "created_at": "2026-02-26T10:10:09.115Z",
      "created_by": "731b7175-9b91-4355-a441-158959a87c76",
      "archived": false,
      "preview": ""
    }
  },
  {
    "model": "shopapp.productimage",
    "pk": 90,
    "fields": {
      "product": 4,
      "image": "products/product_4/images/fd5bf0e0881688bc53605a7d795063a6d0a1ed3beea944fbb52719a444a07f4f.png",
      "description": ""
    }
  },
  {
    "model": "shopapp.productimage",
    "pk": 91,
    "fields": {
      "product": 4,
      "image": "products/product_4/images/a820fcef45b5cc1918d68ba9053300d0ba0348e764772d9dd7b86c30e2dfa580.jpg",
      "description": ""
    }
  },
  {
    "model": "shopapp.productimage",
    "pk": 92,
    "fields": {
      "product": 4,
      "image": "products/product_4/images/5073d2921eac7f9bd80215bc520b3c1be8df628a61829a2c7912ec412c515af5.jpg",
      "description": ""
    }
  },
  {
    "model": "shopapp.productimage",
    "pk": 93,
    "fields": {
      "product": 4,
      "image": "products/product_4/images/b58e3b5e273b3d58015ee643b4dc0bcf65653ef6e13084300d2b1b0ea79f4884.jpg",
      "description": ""
    }
  },
  {
    "model": "shopapp.productimage",
    "pk": 94,
    "fields": {
      "product": 4,
      "image": "products/product_4/images/4ed93379c3d56a4d4f246b63f84e608d7f4f379258d4f1837bca03212910f86e.jpg",
      "description": ""
    }
  },
  {
    "model": "shopapp.productimage",
    "pk": 95,
    "fields": {
      "product": 4,
      "image": "products/product_4/images/3f07b1ffa9193a775d83d5a74fa818307037b9e0cf34e51a18ac31304fceefb9.jpg.webp",
      "description": ""
    }
  },
  {
    "model": "shopapp.productimage",
    "pk": 96,
    "fields": {
      "product": 4,
      "image": "products/product_4/images/Laptop_1.jpg",
      "description": ""
    }
  },
  {
    "model": "shopapp.productimage",
    "pk": 97,
    "fields": {
      "product": 4,
      "image": "products/product_4/images/Laptop.png",
      "description": ""
    }
  },
  {
    "model": "shopapp.order",
    "pk": 1,
    "fields": {
      "delivery_address": "Ul Per Maya, d 4",
      "promocode": "SALE345",
      "created_at": "2026-01-31T00:46:00.022Z",
      "user": "19fffb51-6d3c-4f99-b7b6-55e89991f614",
      "receipt": "",
      "products": [
        1,
        2
      ]
    }
  },
  {
    "model": "shopapp.order",
    "pk": 2,
    "fields": {
      "delivery_address": "Novosibirsk, Sibiryak street, d.8",
      "promocode": "SALE12345",
      "created_at": "2026-02-06T19:54:42.120Z",
      "user": "731b7175-9b91-4355-a441-158959a87c76",
      "receipt": "",
      "products": [
        4,
        5,
        1,
        3,
        2,
        6,
        7
      ]
    }
  },
  {
    "model": "shopapp.order",
    "pk": 3,
    "fields": {
      "delivery_address": "Ангарск, 22 м-рн., д.3",
      "promocode": "SALEPROMO",
      "created_at": "2026-02-06T21:01:10.773Z",
      "user": "731b7175-9b91-4355-a441-158959a87c76",
      "receipt": "",
      "products": [
        3,
        2,
        6,
        7,
        8
      ]
    }
  },
  {
    "model": "shopapp.order",
    "pk": 4,
    "fields": {
      "delivery_address": "Иркутск, ул.Эжная, д.42",
      "promocode": "SALE RZZ",
      "created_at": "2026-02-11T15:01:04.200Z",
      "user": "731b7175-9b91-4355-a441-158959a87c76",
      "receipt": "",
      "products": [
        4,
        5,
        1,
        3,
        2,
        6
      ]
    }
  },
  {
    "model": "shopapp.order",
    "pk": 6,
    "fields": {
      "delivery_address": "Ivanova street, d 11",
      "promocode": "promo2",
      "created_at": "2026-02-19T05:59:12.113Z",
      "user": "731b7175-9b91-4355-a441-158959a87c76",
      "receipt": "",
      "products": [
        4,
        5,
        1,
        3,
        2,
        6,
        7,
        8
      ]
    }
  },
  {
    "model": "shopapp.order",
    "pk": 8,
    "fields": {
      "delivery_address": "Ivanova street, d 11",
      "promocode": "promo5",
      "created_at": "2026-02-19T06:39:36.763Z",
      "user": "731b7175-9b91-4355-a441-158959a87c76",
      "receipt": "",
      "products": [
        4,
        5,
        1,
        3,
        2,
        6,
        7,
        8
      ]
    }
  },
  {
    "model": "blogapp.article",
    "pk": 1,
    "fields": {
      "title": "Django lessons",
      "body": "qwerty",
      "published_at": "2026-02-11T06:56:58Z"
    }
  },
  {
    "model": "blogapp.article",
    "pk": 2,
    "fields": {
      "title": "Python news",
      "body": "",
      "published_at": "2026-02-11T06:56:50Z"
    }
  }
]